p,a,before,after,I_before,I_after,generic,empty_hole_count
3,1,FFF,FFF,12,4,0,0
5,1,FFT,FFT,15,7,0,0
5,2,TFF,TFF,15,7,0,0
5,3,FTF,FTF,15,7,0,0
7,1,TTF,TTF,28,16,0,0
7,2,TTT,TTT,7,1,1,6
7,3,FTT,FTT,28,16,0,0
7,4,TTT,TTT,7,1,1,6
7,5,TFT,TFT,28,16,0,0
11,1,FFF,FFF,66,46,0,0
11,2,TTT,TTT,11,1,1,10
11,3,TTT,TTT,11,1,1,10
11,4,TTT,TTT,11,1,1,10
11,5,FFF,FFF,66,46,0,0
11,6,TTT,TTT,11,1,1,10
11,7,TTT,TTT,11,1,1,10
11,8,TTT,TTT,11,1,1,10
11,9,FFF,FFF,66,46,0,0
13,1,FFT,FFT,91,67,0,0
13,2,TTT,TTT,13,1,1,12
13,3,FFF,FFF,13,1,1,12
13,4,TTT,TTT,13,1,1,12
13,5,TTT,TTT,13,1,1,12
13,6,TFF,TFF,91,67,0,0
13,7,TTT,TTT,13,1,1,12
13,8,TTT,TTT,13,1,1,12
13,9,FFF,FFF,13,1,1,12
13,10,TTT,TTT,13,1,1,12
13,11,FTF,FTF,91,67,0,0
17,1,FFT,FFT,153,121,0,0
17,2,TFF,TFF,17,1,1,16
17,3,FTT,FTT,17,1,1,16
17,4,TFT,TFT,17,1,1,16
17,5,FFT,FFT,17,1,1,16
17,6,TFT,TFT,17,1,1,16
17,7,FFT,FFT,17,1,1,16
17,8,TFF,TFF,153,121,0,0
17,9,FTF,FTF,17,1,1,16
17,10,TTF,TTF,17,1,1,16
17,11,FTF,FTF,17,1,1,16
17,12,TTF,TTF,17,1,1,16
17,13,FTT,FTT,17,1,1,16
17,14,TFF,TFF,17,1,1,16
17,15,FTF,FTF,153,121,0,0
19,1,FFF,FFF,190,154,0,0
19,2,TTT,TTT,19,1,1,18
19,3,FTT,FTT,19,1,1,18
19,4,TTF,TTF,19,1,1,18
19,5,TTF,TTF,19,1,1,18
19,6,TTT,TTT,19,1,1,18
19,7,FFF,FFF,19,1,1,18
19,8,TTT,TTT,19,1,1,18
19,9,FFF,FFF,190,154,0,0
19,10,TTT,TTT,19,1,1,18
19,11,FFF,FFF,19,1,1,18
19,12,TTT,TTT,19,1,1,18
19,13,TFT,TFT,19,1,1,18
19,14,TFT,TFT,19,1,1,18
19,15,FTT,FTT,19,1,1,18
19,16,TTT,TTT,19,1,1,18
19,17,FFF,FFF,190,154,0,0
23,1,TTF,TTF,276,232,0,0
23,2,TTF,TTF,23,1,1,22
23,3,TTF,TTF,23,1,1,22
23,4,TTF,TTF,23,1,1,22
23,5,FTT,FTT,23,1,1,22
23,6,TTF,TTF,23,1,1,22
23,7,FTT,FTT,23,1,1,22
23,8,TTF,TTF,23,1,1,22
23,9,FTT,FTT,23,1,1,22
23,10,TFT,TFT,23,1,1,22
23,11,FTT,FTT,276,232,0,0
23,12,TTF,TTF,23,1,1,22
23,13,FTT,FTT,23,1,1,22
23,14,TFT,TFT,23,1,1,22
23,15,FTT,FTT,23,1,1,22
23,16,TFT,TFT,23,1,1,22
23,17,FTT,FTT,23,1,1,22
23,18,TFT,TFT,23,1,1,22
23,19,TFT,TFT,23,1,1,22
23,20,TFT,TFT,23,1,1,22
23,21,TFT,TFT,276,232,0,0
29,1,FFT,FFT,435,379,0,0
29,2,TFF,TFF,29,1,1,28
29,3,FTF,FTF,29,1,1,28
29,4,TTT,TTT,29,1,1,28
29,5,TTT,TTT,29,1,1,28
29,6,TTT,TTT,29,1,1,28
29,7,FFT,FFT,29,1,1,28
29,8,TFT,TFT,29,1,1,28
29,9,FFT,FFT,29,1,1,28
29,10,TFF,TFF,29,1,1,28
29,11,FTT,FTT,29,1,1,28
29,12,TFT,TFT,29,1,1,28
29,13,FFT,FFT,29,1,1,28
29,14,TFF,TFF,435,379,0,0
29,15,FTF,FTF,29,1,1,28
29,16,TTF,TTF,29,1,1,28
29,17,FTT,FTT,29,1,1,28
29,18,TFF,TFF,29,1,1,28
29,19,FTF,FTF,29,1,1,28
29,20,TTF,TTF,29,1,1,28
29,21,FTF,FTF,29,1,1,28
29,22,TTT,TTT,29,1,1,28
29,23,TTT,TTT,29,1,1,28
29,24,TTT,TTT,29,1,1,28
29,25,FFT,FFT,29,1,1,28
29,26,TFF,TFF,29,1,1,28
29,27,FTF,FTF,435,379,0,0
31,1,TTF,TTF,496,436,0,0
31,2,TTT,TTT,31,1,1,30
31,3,FTT,FTT,31,1,1,30
31,4,TTT,TTT,31,1,1,30
31,5,FFF,FFF,31,1,1,30
31,6,TTT,TTT,31,1,1,30
31,7,TTF,TTF,31,1,1,30
31,8,TTT,TTT,31,1,1,30
31,9,TTF,TTF,31,1,1,30
31,10,TTT,TTT,31,1,1,30
31,11,TFT,TFT,31,1,1,30
31,12,TFT,TFT,31,1,1,30
31,13,FTT,FTT,31,1,1,30
31,14,TTT,TTT,31,1,1,30
31,15,FTT,FTT,496,436,0,0
31,16,TTT,TTT,31,1,1,30
31,17,FTT,FTT,31,1,1,30
31,18,TTF,TTF,31,1,1,30
31,19,TTF,TTF,31,1,1,30
31,20,TTT,TTT,31,1,1,30
31,21,TFT,TFT,31,1,1,30
31,22,TTT,TTT,31,1,1,30
31,23,TFT,TFT,31,1,1,30
31,24,TTT,TTT,31,1,1,30
31,25,FFF,FFF,31,1,1,30
31,26,TTT,TTT,31,1,1,30
31,27,FTT,FTT,31,1,1,30
31,28,TTT,TTT,31,1,1,30
31,29,TFT,TFT,496,436,0,0
37,1,FFT,FFT,703,631,0,0
37,2,TFT,TFT,37,1,1,36
37,3,TFT,TFT,37,1,1,36
37,4,TTT,TTT,37,1,1,36
37,5,TFT,TFT,37,1,1,36
37,6,TTF,TTF,37,1,1,36
37,7,FTF,FTF,37,1,1,36
37,8,TTT,TTT,37,1,1,36
37,9,TTF,TTF,37,1,1,36
37,10,TTT,TTT,37,1,1,36
37,11,FTT,FTT,37,1,1,36
37,12,TTF,TTF,37,1,1,36
37,13,FTF,FTF,37,1,1,36
37,14,TTT,TTT,37,1,1,36
37,15,FTT,FTT,37,1,1,36
37,16,TFF,TFF,37,1,1,36
37,17,FTT,FTT,37,1,1,36
37,18,TFF,TFF,703,631,0,0
37,19,FTT,FTT,37,1,1,36
37,20,TFF,TFF,37,1,1,36
37,21,FTT,FTT,37,1,1,36
37,22,TTT,TTT,37,1,1,36
37,23,FFT,FFT,37,1,1,36
37,24,TFT,TFT,37,1,1,36
37,25,FTT,FTT,37,1,1,36
37,26,TTT,TTT,37,1,1,36
37,27,TFT,TFT,37,1,1,36
37,28,TTT,TTT,37,1,1,36
37,29,FFT,FFT,37,1,1,36
37,30,TFT,TFT,37,1,1,36
37,31,TTF,TTF,37,1,1,36
37,32,TTT,TTT,37,1,1,36
37,33,TTF,TTF,37,1,1,36
37,34,TTF,TTF,37,1,1,36
37,35,FTF,FTF,703,631,0,0
41,1,FFT,FFT,861,781,0,0
41,2,TFF,TFF,41,1,1,40
41,3,FTT,FTT,41,1,1,40
41,4,TFT,TFT,41,1,1,40
41,5,FFT,FFT,41,1,1,40
41,6,TFF,TFF,41,1,1,40
41,7,FTF,FTF,41,1,1,40
41,8,TTF,TTF,41,1,1,40
41,9,FTT,FTT,41,1,1,40
41,10,TFT,TFT,41,1,1,40
41,11,TFF,TFF,41,1,1,40
41,12,TTT,TTT,41,1,1,40
41,13,FFT,FFT,41,1,1,40
41,14,TFT,TFT,41,1,1,40
41,15,FTF,FTF,41,1,1,40
41,16,TTT,TTT,41,1,1,40
41,17,FTF,FTF,41,1,1,40
41,18,TTT,TTT,41,1,1,40
41,19,FFT,FFT,41,1,1,40
41,20,TFF,TFF,861,781,0,0
41,21,FTF,FTF,41,1,1,40
41,22,TTT,TTT,41,1,1,40
41,23,FFT,FFT,41,1,1,40
41,24,TTT,TTT,41,1,1,40
41,25,FFT,FFT,41,1,1,40
41,26,TTF,TTF,41,1,1,40
41,27,FTF,FTF,41,1,1,40
41,28,TTT,TTT,41,1,1,40
41,29,TFF,TFF,41,1,1,40
41,30,TTF,TTF,41,1,1,40
41,31,FTT,FTT,41,1,1,40
41,32,TFT,TFT,41,1,1,40
41,33,FFT,FFT,41,1,1,40
41,34,TFF,TFF,41,1,1,40
41,35,FTF,FTF,41,1,1,40
41,36,TTF,TTF,41,1,1,40
41,37,FTT,FTT,41,1,1,40
41,38,TFF,TFF,41,1,1,40
41,39,FTF,FTF,861,781,0,0
43,1,FFF,FFF,946,862,0,0
43,2,TTT,TTT,43,1,1,42
43,3,FTT,FTT,43,1,1,42
43,4,TFF,TFF,43,1,1,42
43,5,FTT,FTT,43,1,1,42
43,6,TTT,TTT,43,1,1,42
43,7,TFT,TFT,43,1,1,42
43,8,TTT,TTT,43,1,1,42
43,9,TTT,TTT,43,1,1,42
43,10,TTF,TTF,43,1,1,42
43,11,FTF,FTF,43,1,1,42
43,12,TTT,TTT,43,1,1,42
43,13,TTF,TTF,43,1,1,42
43,14,TTT,TTT,43,1,1,42
43,15,TTT,TTT,43,1,1,42
43,16,TTF,TTF,43,1,1,42
43,17,FTF,FTF,43,1,1,42
43,18,TTT,TTT,43,1,1,42
43,19,TTT,TTT,43,1,1,42
43,20,TTT,TTT,43,1,1,42
43,21,FFF,FFF,946,862,0,0
43,22,TTT,TTT,43,1,1,42
43,23,TTT,TTT,43,1,1,42
43,24,TTT,TTT,43,1,1,42
43,25,FFT,FFT,43,1,1,42
43,26,TFT,TFT,43,1,1,42
43,27,TTT,TTT,43,1,1,42
43,28,TTT,TTT,43,1,1,42
43,29,TFT,TFT,43,1,1,42
43,30,TTT,TTT,43,1,1,42
43,31,FFT,FFT,43,1,1,42
43,32,TFT,TFT,43,1,1,42
43,33,TTT,TTT,43,1,1,42
43,34,TTT,TTT,43,1,1,42
43,35,TTF,TTF,43,1,1,42
43,36,TTT,TTT,43,1,1,42
43,37,FTT,FTT,43,1,1,42
43,38,TFF,TFF,43,1,1,42
43,39,FTT,FTT,43,1,1,42
43,40,TTT,TTT,43,1,1,42
43,41,FFF,FFF,946,862,0,0
47,1,TTF,TTF,1128,1036,0,0
47,2,TTF,TTF,47,1,1,46
47,3,TTF,TTF,47,1,1,46
47,4,TTT,TTT,47,1,1,46
47,5,FTT,FTT,47,1,1,46
47,6,TTT,TTT,47,1,1,46
47,7,TTF,TTF,47,1,1,46
47,8,TTT,TTT,47,1,1,46
47,9,FFT,FFT,47,1,1,46
47,10,TFT,TFT,47,1,1,46
47,11,FTT,FTT,47,1,1,46
47,12,TTT,TTT,47,1,1,46
47,13,FTT,FTT,47,1,1,46
47,14,TFF,TFF,47,1,1,46
47,15,FTT,FTT,47,1,1,46
47,16,TTF,TTF,47,1,1,46
47,17,TTF,TTF,47,1,1,46
47,18,TTT,TTT,47,1,1,46
47,19,TFT,TFT,47,1,1,46
47,20,TTT,TTT,47,1,1,46
47,21,FFT,FFT,47,1,1,46
47,22,TFT,TFT,47,1,1,46
47,23,FTT,FTT,1128,1036,0,0
47,24,TTF,TTF,47,1,1,46
47,25,FTF,FTF,47,1,1,46
47,26,TTT,TTT,47,1,1,46
47,27,TTF,TTF,47,1,1,46
47,28,TTT,TTT,47,1,1,46
47,29,TFT,TFT,47,1,1,46
47,30,TFT,TFT,47,1,1,46
47,31,FTT,FTT,47,1,1,46
47,32,TFF,TFF,47,1,1,46
47,33,FTT,FTT,47,1,1,46
47,34,TTT,TTT,47,1,1,46
47,35,FTT,FTT,47,1,1,46
47,36,TTF,TTF,47,1,1,46
47,37,FTF,FTF,47,1,1,46
47,38,TTT,TTT,47,1,1,46
47,39,TFT,TFT,47,1,1,46
47,40,TTT,TTT,47,1,1,46
47,41,FTT,FTT,47,1,1,46
47,42,TTT,TTT,47,1,1,46
47,43,TFT,TFT,47,1,1,46
47,44,TFT,TFT,47,1,1,46
47,45,TFT,TFT,1128,1036,0,0
53,1,FFT,FFT,1431,1327,0,0
53,2,TFF,TFF,53,1,1,52
53,3,FTF,FTF,53,1,1,52
53,4,TTT,TTT,53,1,1,52
53,5,FTT,FTT,53,1,1,52
53,6,TFT,TFT,53,1,1,52
53,7,FTT,FTT,53,1,1,52
53,8,TTF,TTF,53,1,1,52
53,9,FTT,FTT,53,1,1,52
53,10,TTT,TTT,53,1,1,52
53,11,FFT,FFT,53,1,1,52
53,12,TTT,TTT,53,1,1,52
53,13,FFT,FFT,53,1,1,52
53,14,TTF,TTF,53,1,1,52
53,15,TTF,TTF,53,1,1,52
53,16,TTT,TTT,53,1,1,52
53,17,FFT,FFT,53,1,1,52
53,18,TFF,TFF,53,1,1,52
53,19,TTF,TTF,53,1,1,52
53,20,TTF,TTF,53,1,1,52
53,21,TTT,TTT,53,1,1,52
53,22,TFF,TFF,53,1,1,52
53,23,FTF,FTF,53,1,1,52
53,24,TTT,TTT,53,1,1,52
53,25,FFT,FFT,53,1,1,52
53,26,TFF,TFF,1431,1327,0,0
53,27,FTF,FTF,53,1,1,52
53,28,TTT,TTT,53,1,1,52
53,29,FFT,FFT,53,1,1,52
53,30,TFF,TFF,53,1,1,52
53,31,TTT,TTT,53,1,1,52
53,32,TFT,TFT,53,1,1,52
53,33,TFT,TFT,53,1,1,52
53,34,TFF,TFF,53,1,1,52
53,35,FTF,FTF,53,1,1,52
53,36,TTT,TTT,53,1,1,52
53,37,TFT,TFT,53,1,1,52
53,38,TFT,TFT,53,1,1,52
53,39,FTF,FTF,53,1,1,52
53,40,TTT,TTT,53,1,1,52
53,41,FTF,FTF,53,1,1,52
53,42,TTT,TTT,53,1,1,52
53,43,FTT,FTT,53,1,1,52
53,44,TFT,TFT,53,1,1,52
53,45,FTT,FTT,53,1,1,52
53,46,TTF,TTF,53,1,1,52
53,47,FTT,FTT,53,1,1,52
53,48,TTT,TTT,53,1,1,52
53,49,FFT,FFT,53,1,1,52
53,50,TFF,TFF,53,1,1,52
53,51,FTF,FTF,1431,1327,0,0
59,1,FFF,FFF,1770,1654,0,0
59,2,TTT,TTT,59,1,1,58
59,3,TTT,TTT,59,1,1,58
59,4,TTF,TTF,59,1,1,58
59,5,FTF,FTF,59,1,1,58
59,6,TTT,TTT,59,1,1,58
59,7,FFT,FFT,59,1,1,58
59,8,TTT,TTT,59,1,1,58
59,9,FTF,FTF,59,1,1,58
59,10,TTT,TTT,59,1,1,58
59,11,FTT,FTT,59,1,1,58
59,12,TFF,TFF,59,1,1,58
59,13,TTT,TTT,59,1,1,58
59,14,TTT,TTT,59,1,1,58
59,15,TTF,TTF,59,1,1,58
59,16,TTT,TTT,59,1,1,58
59,17,FFT,FFT,59,1,1,58
59,18,TTT,TTT,59,1,1,58
59,19,TTT,TTT,59,1,1,58
59,20,TTT,TTT,59,1,1,58
59,21,TTT,TTT,59,1,1,58
59,22,TFF,TFF,59,1,1,58
59,23,TTT,TTT,59,1,1,58
59,24,TTT,TTT,59,1,1,58
59,25,TTT,TTT,59,1,1,58
59,26,TTT,TTT,59,1,1,58
59,27,TTT,TTT,59,1,1,58
59,28,TTT,TTT,59,1,1,58
59,29,FFF,FFF,1770,1654,0,0
59,30,TTT,TTT,59,1,1,58
59,31,TTT,TTT,59,1,1,58
59,32,TTT,TTT,59,1,1,58
59,33,TTT,TTT,59,1,1,58
59,34,TTT,TTT,59,1,1,58
59,35,TTT,TTT,59,1,1,58
59,36,TFF,TFF,59,1,1,58
59,37,TTT,TTT,59,1,1,58
59,38,TTT,TTT,59,1,1,58
59,39,TTT,TTT,59,1,1,58
59,40,TTT,TTT,59,1,1,58
59,41,FTF,FTF,59,1,1,58
59,42,TTT,TTT,59,1,1,58
59,43,TFT,TFT,59,1,1,58
59,44,TTT,TTT,59,1,1,58
59,45,TTT,TTT,59,1,1,58
59,46,TFF,TFF,59,1,1,58
59,47,FTT,FTT,59,1,1,58
59,48,TTT,TTT,59,1,1,58
59,49,FFT,FFT,59,1,1,58
59,50,TTT,TTT,59,1,1,58
59,51,FTF,FTF,59,1,1,58
59,52,TTT,TTT,59,1,1,58
59,53,FFT,FFT,59,1,1,58
59,54,TFT,TFT,59,1,1,58
59,55,TTT,TTT,59,1,1,58
59,56,TTT,TTT,59,1,1,58
59,57,FFF,FFF,1770,1654,0,0
61,1,FFT,FFT,1891,1771,0,0
61,2,TFT,TFT,61,1,1,60
61,3,TFT,TFT,61,1,1,60
61,4,TTT,TTT,61,1,1,60
61,5,FFT,FFT,61,1,1,60
61,6,TFT,TFT,61,1,1,60
61,7,FFT,FFT,61,1,1,60
61,8,TTF,TTF,61,1,1,60
61,9,FTT,FTT,61,1,1,60
61,10,TFF,TFF,61,1,1,60
61,11,FTF,FTF,61,1,1,60
61,12,TTT,TTT,61,1,1,60
61,13,FFF,FFF,61,1,1,60
61,14,TTT,TTT,61,1,1,60
61,15,TTF,TTF,61,1,1,60
61,16,TTF,TTF,61,1,1,60
61,17,FTT,FTT,61,1,1,60
61,18,TFT,TFT,61,1,1,60
61,19,FTT,FTT,61,1,1,60
61,20,TTF,TTF,61,1,1,60
61,21,FTT,FTT,61,1,1,60
61,22,TFF,TFF,61,1,1,60
61,23,TTF,TTF,61,1,1,60
61,24,TTF,TTF,61,1,1,60
61,25,FTF,FTF,61,1,1,60
61,26,TTF,TTF,61,1,1,60
61,27,FTT,FTT,61,1,1,60
61,28,TTF,TTF,61,1,1,60
61,29,FTT,FTT,61,1,1,60
61,30,TFF,TFF,1891,1771,0,0
61,31,FTT,FTT,61,1,1,60
61,32,TFT,TFT,61,1,1,60
61,33,FTT,FTT,61,1,1,60
61,34,TFT,TFT,61,1,1,60
61,35,FFT,FFT,61,1,1,60
61,36,TFT,TFT,61,1,1,60
61,37,TFT,TFT,61,1,1,60
61,38,TFF,TFF,61,1,1,60
61,39,FTT,FTT,61,1,1,60
61,40,TFT,TFT,61,1,1,60
61,41,FTT,FTT,61,1,1,60
61,42,TTF,TTF,61,1,1,60
61,43,FTT,FTT,61,1,1,60
61,44,TFT,TFT,61,1,1,60
61,45,TFT,TFT,61,1,1,60
61,46,TTT,TTT,61,1,1,60
61,47,FFF,FFF,61,1,1,60
61,48,TTT,TTT,61,1,1,60
61,49,FFT,FFT,61,1,1,60
61,50,TFF,TFF,61,1,1,60
61,51,FTT,FTT,61,1,1,60
61,52,TFT,TFT,61,1,1,60
61,53,FTF,FTF,61,1,1,60
61,54,TTF,TTF,61,1,1,60
61,55,FTF,FTF,61,1,1,60
61,56,TTT,TTT,61,1,1,60
61,57,TTF,TTF,61,1,1,60
61,58,TTF,TTF,61,1,1,60
61,59,FTF,FTF,1891,1771,0,0
