*,∞,0,1,2,3,4,5,6,7,8,9,10,11,12
∞,∞,0,1,2,3,4,5,6,7,8,9,10,11,12
0,0,∞,10,7,4,1,11,8,5,2,12,9,6,3
1,1,4,∞,11,8,5,2,12,9,6,3,0,10,7
2,2,8,5,∞,12,9,6,3,0,10,7,4,1,11
3,3,12,9,6,∞,0,10,7,4,1,11,8,5,2
4,4,3,0,10,7,∞,1,11,8,5,2,12,9,6
5,5,7,4,1,11,8,∞,2,12,9,6,3,0,10
6,6,11,8,5,2,12,9,∞,3,0,10,7,4,1
7,7,2,12,9,6,3,0,10,∞,4,1,11,8,5
8,8,6,3,0,10,7,4,1,11,∞,5,2,12,9
9,9,10,7,4,1,11,8,5,2,12,∞,6,3,0
10,10,1,11,8,5,2,12,9,6,3,0,∞,7,4
11,11,5,2,12,9,6,3,0,10,7,4,1,∞,8
12,12,9,6,3,0,10,7,4,1,11,8,5,2,∞
