2,0,3,1,5,6,4,7,8,11,9,10,15,14,13,12,17,18,19,16,21,23,20,22,27,25,26,24,28,31,29,30,35,33,32,34
0,2,1,3,4,7,5,6,10,9,11,8,12,13,14,15,18,17,16,19,23,21,22,20,26,24,27,25,29,30,31,28,33,35,34,32
3,1,2,0,6,5,7,4,11,8,10,9,13,12,15,14,19,16,17,18,20,22,21,23,25,27,24,26,31,28,30,29,32,34,35,33
1,3,0,2,7,4,6,5,9,10,8,11,14,15,12,13,16,19,18,17,22,20,23,21,24,26,25,27,30,29,28,31,34,32,33,35
5,7,4,6,10,8,11,9,2,0,3,1,16,18,19,17,22,21,20,23,12,13,15,14,28,29,30,31,33,35,32,34,26,25,27,24
6,4,7,5,11,9,10,8,1,2,0,3,17,19,18,16,20,23,22,21,14,15,13,12,29,28,31,30,34,32,35,33,25,26,24,27
7,5,6,4,8,10,9,11,3,1,2,0,19,17,16,18,23,20,21,22,13,12,14,15,31,30,29,28,32,34,33,35,27,24,26,25
4,6,5,7,9,11,8,10,0,3,1,2,18,16,17,19,21,22,23,20,15,14,12,13,30,31,28,29,35,33,34,32,24,27,25,26
8,9,10,11,3,1,0,2,6,7,5,4,23,22,21,20,15,14,12,13,18,19,17,16,32,34,33,35,26,27,25,24,28,30,29,31
11,10,9,8,1,3,2,0,4,5,7,6,20,21,23,22,14,15,13,12,16,17,19,18,33,35,32,34,24,25,27,26,29,31,28,30
9,8,11,10,2,0,1,3,7,6,4,5,22,23,20,21,12,13,15,14,19,18,16,17,34,32,35,33,25,24,26,27,31,29,30,28
10,11,8,9,0,2,3,1,5,4,6,7,21,20,22,23,13,12,14,15,17,16,18,19,35,33,34,32,27,26,24,25,30,28,31,29
13,15,12,14,16,17,18,19,22,21,20,23,25,24,26,27,30,29,28,31,34,33,35,32,0,3,1,2,6,4,5,7,11,8,10,9
15,13,14,12,17,16,19,18,20,23,22,21,24,25,27,26,29,30,31,28,35,32,34,33,3,0,2,1,7,5,4,6,8,11,9,10
12,14,13,15,19,18,17,16,23,20,21,22,27,26,24,25,28,31,30,29,32,35,33,34,2,1,3,0,5,7,6,4,10,9,11,8
14,12,15,13,18,19,16,17,21,22,23,20,26,27,25,24,31,28,29,30,33,34,32,35,1,2,0,3,4,6,7,5,9,10,8,11
19,17,18,16,22,21,23,20,12,13,15,14,29,28,31,30,35,32,34,33,27,25,24,26,5,7,6,4,9,8,10,11,2,3,1,0
16,18,17,19,21,22,20,23,14,15,13,12,28,29,30,31,34,33,35,32,25,27,26,24,4,6,7,5,8,9,11,10,3,2,0,1
18,16,19,17,23,20,22,21,15,14,12,13,31,30,29,28,32,35,33,34,26,24,25,27,7,5,4,6,10,11,9,8,0,1,3,2
17,19,16,18,20,23,21,22,13,12,14,15,30,31,28,29,33,34,32,35,24,26,27,25,6,4,5,7,11,10,8,9,1,0,2,3
23,20,21,22,15,12,14,13,17,18,19,16,32,35,34,33,27,24,26,25,31,29,30,28,10,8,11,9,0,2,3,1,6,4,7,5
21,22,23,20,12,15,13,14,18,17,16,19,35,32,33,34,25,26,24,27,28,30,29,31,11,9,10,8,3,1,0,2,4,6,5,7
22,21,20,23,13,14,12,15,19,16,17,18,33,34,35,32,24,27,25,26,29,31,28,30,8,10,9,11,2,0,1,3,7,5,6,4
20,23,22,21,14,13,15,12,16,19,18,17,34,33,32,35,26,25,27,24,30,28,31,29,9,11,8,10,1,3,2,0,5,7,4,6
27,25,24,26,30,28,29,31,35,34,33,32,3,1,0,2,6,5,4,7,10,9,11,8,15,14,13,12,19,18,17,16,21,20,22,23
25,27,26,24,31,29,28,30,34,35,32,33,0,2,3,1,5,6,7,4,8,11,9,10,12,13,14,15,18,19,16,17,20,21,23,22
26,24,25,27,28,30,31,29,32,33,34,35,2,0,1,3,7,4,5,6,11,8,10,9,14,15,12,13,17,16,19,18,23,22,20,21
24,26,27,25,29,31,30,28,33,32,35,34,1,3,2,0,4,7,6,5,9,10,8,11,13,12,15,14,16,17,18,19,22,23,21,20
31,29,30,28,35,33,34,32,25,24,27,26,5,6,4,7,8,9,10,11,3,0,1,2,19,16,18,17,23,21,20,22,12,13,15,14
28,30,29,31,32,34,33,35,27,26,25,24,4,7,5,6,10,11,8,9,1,2,3,0,18,17,19,16,20,22,23,21,13,12,14,15
29,31,28,30,34,32,35,33,26,27,24,25,6,5,7,4,11,10,9,8,2,1,0,3,16,19,17,18,21,23,22,20,15,14,12,13
30,28,31,29,33,35,32,34,24,25,26,27,7,4,6,5,9,8,11,10,0,3,2,1,17,18,16,19,22,20,21,23,14,15,13,12
34,33,35,32,25,26,27,24,29,31,28,30,8,10,9,11,3,2,0,1,4,7,6,5,23,20,22,21,14,15,12,13,19,17,18,16
33,34,32,35,26,25,24,27,28,30,29,31,11,9,10,8,0,1,3,2,5,6,7,4,22,21,23,20,15,14,13,12,16,18,17,19
32,35,33,34,27,24,25,26,31,29,30,28,10,8,11,9,2,3,1,0,6,5,4,7,21,22,20,23,12,13,14,15,18,16,19,17
35,32,34,33,24,27,26,25,30,28,31,29,9,11,8,10,1,0,2,3,7,4,5,6,20,23,21,22,13,12,15,14,17,19,16,18
