case_id	graph_sha256
p01	f19d49dee16d37f5b3f29b44e570936feefa5ee7555dd337cf80f059f9ddb2c1
p02	b099cab9c42ccf0cf9b2c58138902a92b345b1bc4f5e53a207c31cfd948c5b79
p03	8bd4e55c1fda36531bd94b96b3b5416d715e89c9c446277c582e022eb9b29aff
p04	5ab8b6c9e185ac39a92010817cc3bc2afa4ff4104a6bce619bb8b9633a5d2167
p06	afdcf4151a071cc0036783a46897a0f67bcfe22b51a216b31272aa23cb13ab3b
p07	42ad121eb6e6b2772d5ff5a6be7711348a2982963420af28a26c6d71e7a2d05e
p08	335f4399def183a29cb98c1165afac417b08bb29d3468cc4d69ecc80cac6a9e1
p11	6a02ffcc21822289aadb20642d025f1a44cfb45a423c4e83115b90c020257745
p12	e9c7fae9b1157e5d8f8fa185d01f46f69cf7a70d14c41024a3d7cd8cebac3e0a
p14	79512ac5b74a1b66bff8822c91f3556a9f8a4b4787218f671681c30455e06f0a
p17	ecda4bb52c6ff200731cb22d236b47b4d0e13d61542d2b88430a9fe297122d01
p21	fa634c4bcd5aaf7bc3a75f1cef83c7a0d54bb3b8b1cc46dcffa3ee9aec0c1d01
p22	4364f519b34f023614a94f949219e106f4cc4e2eb02e36620f788934332aad32
p23	1d5525acec52d71d7ef4b2bfc28b193cb8f0485eba518363da3bb8bcc5b1a312
p24	91b3abcdeb48afa3c0b8368465d1d12fb34a560204dfae822d53b819f4f39536
p25	6882aa3982e5e79b5f29577d01b7ce01dd5c5db31b56ad959bf357f27124cc46
p27	65b4c83c6f40bdca6b56b7951b437ab7829435352dec7d8c70a3d6b59634f02e
p28	011781e04765dd63b3d24e2be91ad382493462a82236313b1fd0e56ba5e0cc8a
p29	e240e51735da5c75be127e4e2c5fc4d16173d6b2f42799b8ba86781006670048
p30	0ca141db49abd276dcf4794e1f83d8fc756c41155c036c722002041cf8356620
p31	004a9e11d78dfd18b7d72bda111a2d5ba6905bdb80f1f841345afeddc80e6a55
p32	5805afe298dfd30c677c4acb37f4df542729cc5185f2ea42711c9506dc261fba
p33	0c21c12c3eada9bdea59350779aa3f3f39dab3a5be3bd3d8e2c6f07c040cc3f7
p34	d3a96b3c76add4243b26eb017ef83cb38b1994af045866aa2474d7e992da20bd
p35	e1d9db20dd6fd9e8468d9069c32357d80dd49c3721ea3fa19611d97e716751ef
